district,neighborhood,district_n_reconciled,district_n,district_id,neighborhood_n_reconciled,neighborhood_n,neighborhood_id
Sants-Montjuïc,La Marina del Port,Sants-Montjuïc,sants montjuic,Q753075,La Marina de Port,la marina del port,Q3751076
Horta Guinardó,El Baix Guinardó,Horta-Guinardó,horta guinardo,Q1771488,El Baix Guinardó,el baix guinardo,Q3297875
Eixample,La Dreta de l'Eixample,Eixample,eixample,Q64124,Dreta de l'Eixample,la dreta de l eixample,Q1904302
Sant Andreu,El Congrés i els Indians,Sant Andreu,sant andreu,Q1650230,El Congrés i els Indians,el congres i els indians,Q3813818
Horta Guinardó,El Carmel,Horta-Guinardó,horta guinardo,Q1771488,El Carmel,el carmel,Q3319498
Gràcia,Vallcarca i els Penitents,Gràcia,gracia,Q852697,Vallcarca i els Penitents,vallcarca i els penitents,Q2057331
Les Corts,Pedralbes,Les Corts,les corts,Q959944,Pedralbes,pedralbes,Q2562684
Sarrià-Sant Gervasi,El Putxet i el Farró,Sarrià-Sant Gervasi,sarria sant gervasi,Q1765582,El Putxet i el Farró,el putxet i el farro,Q3321805
Gràcia,Vila de Gràcia,Gràcia,gracia,Q852697,Vila de Gràcia,vila de gracia,Q2741611
Horta Guinardó,La Font d'En Fargues,Horta-Guinardó,horta guinardo,Q1771488,La Font d'en Fargues,la font d en fargues,Q3297889
Horta Guinardó,El Guinardó,Horta-Guinardó,horta guinardo,Q1771488,El Guinardó,el guinardo,Q3045547
Sarrià-Sant Gervasi,Sarrià,Sarrià-Sant Gervasi,sarria sant gervasi,Q1765582,Sarrià,sarria,Q3043699
Nou Barris,Canyelles,Nou Barris,nou barris,Q1641049,Canyelles,canyelles,Q3751386
Sant Martí,El Camp de l'Arpa del Clot,Sant Martí,sant marti,Q250935,El Camp de l'Arpa del Clot,el camp de l arpa del clot,Q3294602
Eixample,La Sagrada Família,Eixample,eixample,Q64124,Sagrada Família,la sagrada familia,Q2470217
Sants-Montjuïc,Hostafrancs,Sants-Montjuïc,sants montjuic,Q753075,Hostafrancs,hostafrancs,Q3750929
Eixample,Sant Antoni,Eixample,eixample,Q64124,Sant Antoni,sant antoni,Q720994
Sants-Montjuïc,La Font de la Guatlla,Sants-Montjuïc,sants montjuic,Q753075,La Font de la Guatlla,la font de la guatlla,Q3750859
Ciutat Vella,El Raval,Ciutat Vella,ciutat vella,Q941385,El Raval,el raval,Q1758503
Les Corts,La Maternitat i Sant Ramon,Les Corts,les corts,Q959944,La Maternitat i Sant Ramon,la maternitat i sant ramon,Q3297056
Gràcia,La Salut,Gràcia,gracia,Q852697,La Salut,la salut,Q3320699
Gràcia,El Camp d'En Grassot i Gràcia Nova,Gràcia,gracia,Q852697,Camp d'en Grassot i Gràcia Nova,el camp d en grassot i gracia nova,Q2994821
Nou Barris,Vilapicina i la Torre Llobeta,Nou Barris,nou barris,Q1641049,Vilapicina i la Torre Llobeta,vilapicina i la torre llobeta,Q3320806
Horta Guinardó,La Teixonera,Horta-Guinardó,horta guinardo,Q1771488,La Teixonera,la teixonera,Q3320705
Nou Barris,Porta,Nou Barris,nou barris,Q1641049,Porta,porta,Q3750558
Sant Andreu,La Trinitat Vella,Sant Andreu,sant andreu,Q1650230,Trinitat Vella,la trinitat vella,Q6746220
Sants-Montjuïc,La Marina del Prat Vermell,Sants-Montjuïc,sants montjuic,Q753075,La Marina del Prat Vermell,la marina del prat vermell,Q3596095
Sants-Montjuïc,El Poble Sec - Parc de Montjuïc,Sants-Montjuïc,sants montjuic,Q753075,"El Poble-sec, Barcelona",el poble sec parc de montjuic,Q980253
Nou Barris,Can Peguera - El Turó de la Peira,Nou Barris,nou barris,Q1641049,Can Peguera,can peguera el turo de la peira,Q3320716
Sant Andreu,Sant Andreu,Sant Andreu,sant andreu,Q1650230,Sant Andreu de Palomar,sant andreu,Q990510
Sants-Montjuïc,La Bordeta,Sants-Montjuïc,sants montjuic,Q753075,La Bordeta,la bordeta,Q3753110
Eixample,El Fort Pienc,Eixample,eixample,Q64124,Fort Pienc,el fort pienc,Q2107762
Sant Andreu,Navas,Sant Andreu,sant andreu,Q1650230,Navas,navas,Q3813816
Sants-Montjuïc,Sants - Badal,Sants-Montjuïc,sants montjuic,Q753075,Sants-Badal,sants badal,Q3596096
Horta Guinardó,La Vall d'Hebron - La Clota,Horta-Guinardó,horta guinardo,Q1771488,Vall d'Hebron,la vall d hebron la clota,Q3298492
Nou Barris,Ciutat Meridiana - Torre Baró - Vallbona,Nou Barris,nou barris,Q1641049,Ciutat Meridiana,ciutat meridiana torre baro vallbona,Q3320722
Sants-Montjuïc,Sants,Sants-Montjuïc,sants montjuic,Q753075,Sants,sants,Q2476184
Sarrià-Sant Gervasi,Sant Gervasi - La Bonanova,Sarrià-Sant Gervasi,sarria sant gervasi,Q1765582,Sant Gervasi – la Bonanova,sant gervasi la bonanova,Q3321657
Horta Guinardó,Sant Genís Dels Agudells - Montbau,Horta-Guinardó,horta guinardo,Q1771488,Sant Genís dels Agudells,sant genis dels agudells montbau,Q3298510
Nou Barris,Verdun,Nou Barris,nou barris,Q1641049,Verdun,verdun,Q3750551
Nou Barris,La Prosperitat,Nou Barris,nou barris,Q1641049,La Prosperitat,la prosperitat,Q3750926
Gràcia,El Coll,Gràcia,gracia,Q852697,el Coll,el coll,Q1932090
Nou Barris,La Trinitat Nova,Nou Barris,nou barris,Q1641049,La Trinitat Nova,la trinitat nova,Q3750932
Horta Guinardó,Can Baró,Horta-Guinardó,horta guinardo,Q1771488,Can Baró,can baro,Q3321797
Sarrià-Sant Gervasi,Sant Gervasi - Galvany,Sarrià-Sant Gervasi,sarria sant gervasi,Q1765582,Sant Gervasi – Galvany,sant gervasi galvany,Q3389521
Ciutat Vella,El Gòtic,Ciutat Vella,ciutat vella,Q941385,Gothic Quarter,el gotic,Q17154
Eixample,La Nova Esquerra de l'Eixample,Eixample,eixample,Q64124,La Nova Esquerra de l'Eixample,la nova esquerra de l eixample,Q1026658
Sarrià-Sant Gervasi,Les Tres Torres,Sarrià-Sant Gervasi,sarria sant gervasi,Q1765582,Les Tres Torres,les tres torres,Q3297896
Horta Guinardó,Horta,Horta-Guinardó,horta guinardo,Q1771488,"Horta, Barcelona",horta,Q15225338
Ciutat Vella,Sant Pere - Santa Caterina i la Ribera,Ciutat Vella,ciutat vella,Q941385,"Sant Pere, Santa Caterina i la Ribera",sant pere santa caterina i la ribera,Q2442135
Nou Barris,Les Roquetes,Nou Barris,nou barris,Q1641049,Les Roquetes,les roquetes,Q1627690
Sarrià-Sant Gervasi,Vallvidrera - El Tibidabo i les Planes,Sarrià-Sant Gervasi,sarria sant gervasi,Q1765582,"Vallvidrera, el Tibidabo i les Planes",vallvidrera el tibidabo i les planes,Q3310216
Les Corts,Les Corts,Les Corts,les corts,Q959944,Les Corts,les corts,Q3296693
Eixample,L'Antiga Esquerra de l'Eixample,Eixample,eixample,Q64124,L'Antiga Esquerra de l'Eixample,l antiga esquerra de l eixample,Q3291762
